Protein name,Most favoured regions ,Additional allowed regions ,Generously allowed ,Disallowed regions ,,,,,,,,
4XDX,91.90%,8.10%,0.00%,0.00%,,,,,,,,
5TSW,78.00%,14.20%,5.50%,2.40%,,,,,,,,
6ESM,90.80%,8.40%,0.80%,0.00%,,,,,,,,
,,,,,,,,,,,,
PROT STRUCTURE,,,,,,,,,,,,
Prot. name,Sheets,Beta alpha beta unit,Beta hairpins,Psi loop,Beta bulges,Strands,Helices,Beta turns,Helix helix interaction,Gamma turns,Disulphides,
4XDX,1,0,2,0,2,3,2,4,0,0,2,
5TSW,2,0,3,0,2,11,0,14,0,3,1,
6ESM,2,1,1,1,0,7,3,12,2,0,0,
